id,generator,sampler,side,seedIndex,seedHex,openCells,openFraction,targetOpenCells,stopReason,occupiedWidth,occupiedHeight,solutionSlides,legalExtensionCount,boardSha256,stats,map,preview,detail,solutionDetail,recipe,board,solution,solutionMap,constructionCode,constructionFormat
2-backward-v1-s1,backward-growth-v1,uniform-legal-cell-v1,2,1,4af5e1f19a698133297f737c3be3859e020ea296b8c8e6c27156881762469ae14b8b53ce3fc09127383c9833cdcaf0f6b6866d6c71e8ec4775210016653231ea,1,0.25,1,target-reached,1,1,0,2,007d63f486391179c73fd8df156302e9b669b19c06e0115ca86f482ecdef9f43,2-backward-v1-s1/stats.json,2-backward-v1-s1/map.png,2-backward-v1-s1/preview.png,2-backward-v1-s1/detail.png,2-backward-v1-s1/solution-detail.png,2-backward-v1-s1/recipe.json,2-backward-v1-s1/level.board.gz,2-backward-v1-s1/level.solution.gz,2-backward-v1-s1/solution-map.png,2-backward-v1-s1/construction.code.json,coil-construction-v1
2-backward-v1-s2,backward-growth-v1,uniform-legal-cell-v1,2,2,959f02a0932355b06451a89b9d71b937de8308b25cfd2d258c1fab5f4bde2765cb3652813385a96e469287887807aa25f16454291c7ede1f3318d3640228018a,4,1,4,target-reached,2,2,3,0,e8aabc3a205bb90f0e2471acb2a70f0a10d1420a64ecf522c46c374c0828dc8b,2-backward-v1-s2/stats.json,2-backward-v1-s2/map.png,2-backward-v1-s2/preview.png,2-backward-v1-s2/detail.png,2-backward-v1-s2/solution-detail.png,2-backward-v1-s2/recipe.json,2-backward-v1-s2/level.board.gz,2-backward-v1-s2/level.solution.gz,2-backward-v1-s2/solution-map.png,2-backward-v1-s2/construction.code.json,coil-construction-v1
2-backward-v1-s3,backward-growth-v1,uniform-legal-cell-v1,2,3,5b73fc633f69a951e3977dc73ebcd0ff7ffae55ec8fde81fd5c74071bd610cf345dc436435adf28de9eb5fa2d8741390e80c289a3ae490ad6483b8ed01511da1,1,0.25,1,target-reached,1,1,0,2,07e7069b476e6b5281f43bfd5adb527e03e4825fc50e8dcace98e757a58fc3e6,2-backward-v1-s3/stats.json,2-backward-v1-s3/map.png,2-backward-v1-s3/preview.png,2-backward-v1-s3/detail.png,2-backward-v1-s3/solution-detail.png,2-backward-v1-s3/recipe.json,2-backward-v1-s3/level.board.gz,2-backward-v1-s3/level.solution.gz,2-backward-v1-s3/solution-map.png,2-backward-v1-s3/construction.code.json,coil-construction-v1
4-backward-v1-s1,backward-growth-v1,uniform-legal-cell-v1,4,1,4af5e1f19a698133297f737c3be3859e020ea296b8c8e6c27156881762469ae14b8b53ce3fc09127383c9833cdcaf0f6b6866d6c71e8ec4775210016653231ea,9,0.5625,9,target-reached,4,3,5,1,e34de43bcf98a49739330331152cb6b774f0a95be9e2bd1297c233d8eb324c83,4-backward-v1-s1/stats.json,4-backward-v1-s1/map.png,4-backward-v1-s1/preview.png,4-backward-v1-s1/detail.png,4-backward-v1-s1/solution-detail.png,4-backward-v1-s1/recipe.json,4-backward-v1-s1/level.board.gz,4-backward-v1-s1/level.solution.gz,4-backward-v1-s1/solution-map.png,4-backward-v1-s1/construction.code.json,coil-construction-v1
4-backward-v1-s2,backward-growth-v1,uniform-legal-cell-v1,4,2,959f02a0932355b06451a89b9d71b937de8308b25cfd2d258c1fab5f4bde2765cb3652813385a96e469287887807aa25f16454291c7ede1f3318d3640228018a,4,0.25,4,target-reached,2,2,3,1,4a5975a05694661c599ad6ecdd0bc175943d96cfc1a31f750150383959193d14,4-backward-v1-s2/stats.json,4-backward-v1-s2/map.png,4-backward-v1-s2/preview.png,4-backward-v1-s2/detail.png,4-backward-v1-s2/solution-detail.png,4-backward-v1-s2/recipe.json,4-backward-v1-s2/level.board.gz,4-backward-v1-s2/level.solution.gz,4-backward-v1-s2/solution-map.png,4-backward-v1-s2/construction.code.json,coil-construction-v1
4-backward-v1-s3,backward-growth-v1,uniform-legal-cell-v1,4,3,5b73fc633f69a951e3977dc73ebcd0ff7ffae55ec8fde81fd5c74071bd610cf345dc436435adf28de9eb5fa2d8741390e80c289a3ae490ad6483b8ed01511da1,1,0.0625,1,target-reached,1,1,0,4,9bff4f63761cb06f02fcc84ae318de0cbcb5e9691a3770a123261af14b4ca1de,4-backward-v1-s3/stats.json,4-backward-v1-s3/map.png,4-backward-v1-s3/preview.png,4-backward-v1-s3/detail.png,4-backward-v1-s3/solution-detail.png,4-backward-v1-s3/recipe.json,4-backward-v1-s3/level.board.gz,4-backward-v1-s3/level.solution.gz,4-backward-v1-s3/solution-map.png,4-backward-v1-s3/construction.code.json,coil-construction-v1
8-backward-v1-s1,backward-growth-v1,uniform-legal-cell-v1,8,1,4af5e1f19a698133297f737c3be3859e020ea296b8c8e6c27156881762469ae14b8b53ce3fc09127383c9833cdcaf0f6b6866d6c71e8ec4775210016653231ea,13,0.203125,41,trapped,6,3,6,0,636c71a2235a0151c6a0f2f2f98f13e1dfcc5a77ff67676238320b2ed5e52dc9,8-backward-v1-s1/stats.json,8-backward-v1-s1/map.png,8-backward-v1-s1/preview.png,8-backward-v1-s1/detail.png,8-backward-v1-s1/solution-detail.png,8-backward-v1-s1/recipe.json,8-backward-v1-s1/level.board.gz,8-backward-v1-s1/level.solution.gz,8-backward-v1-s1/solution-map.png,8-backward-v1-s1/construction.code.json,coil-construction-v1
8-backward-v1-s2,backward-growth-v1,uniform-legal-cell-v1,8,2,959f02a0932355b06451a89b9d71b937de8308b25cfd2d258c1fab5f4bde2765cb3652813385a96e469287887807aa25f16454291c7ede1f3318d3640228018a,8,0.125,52,trapped,3,3,5,0,e111f19202f3221b365df7850f8a6005bb034d4e319581d241eebb2af6bd0d9f,8-backward-v1-s2/stats.json,8-backward-v1-s2/map.png,8-backward-v1-s2/preview.png,8-backward-v1-s2/detail.png,8-backward-v1-s2/solution-detail.png,8-backward-v1-s2/recipe.json,8-backward-v1-s2/level.board.gz,8-backward-v1-s2/level.solution.gz,8-backward-v1-s2/solution-map.png,8-backward-v1-s2/construction.code.json,coil-construction-v1
8-backward-v1-s3,backward-growth-v1,uniform-legal-cell-v1,8,3,5b73fc633f69a951e3977dc73ebcd0ff7ffae55ec8fde81fd5c74071bd610cf345dc436435adf28de9eb5fa2d8741390e80c289a3ae490ad6483b8ed01511da1,7,0.109375,17,trapped,4,2,5,0,3ec280e262991add3ca5b1a7e96c34b842ffbe7eec790b87e8baea4dbede2c26,8-backward-v1-s3/stats.json,8-backward-v1-s3/map.png,8-backward-v1-s3/preview.png,8-backward-v1-s3/detail.png,8-backward-v1-s3/solution-detail.png,8-backward-v1-s3/recipe.json,8-backward-v1-s3/level.board.gz,8-backward-v1-s3/level.solution.gz,8-backward-v1-s3/solution-map.png,8-backward-v1-s3/construction.code.json,coil-construction-v1
16-backward-v1-s1,backward-growth-v1,uniform-legal-cell-v1,16,1,4af5e1f19a698133297f737c3be3859e020ea296b8c8e6c27156881762469ae14b8b53ce3fc09127383c9833cdcaf0f6b6866d6c71e8ec4775210016653231ea,15,0.05859375,169,trapped,6,4,6,0,2ac6ed3712bf1ef11af8fe37a9ab01f103e81998c1aca513d2acc259b2b14684,16-backward-v1-s1/stats.json,16-backward-v1-s1/map.png,16-backward-v1-s1/preview.png,16-backward-v1-s1/detail.png,16-backward-v1-s1/solution-detail.png,16-backward-v1-s1/recipe.json,16-backward-v1-s1/level.board.gz,16-backward-v1-s1/level.solution.gz,16-backward-v1-s1/solution-map.png,16-backward-v1-s1/construction.code.json,coil-construction-v1
16-backward-v1-s2,backward-growth-v1,uniform-legal-cell-v1,16,2,959f02a0932355b06451a89b9d71b937de8308b25cfd2d258c1fab5f4bde2765cb3652813385a96e469287887807aa25f16454291c7ede1f3318d3640228018a,12,0.046875,116,trapped,3,4,6,0,10861efd1e99678ee841b7a3230b46dd54aa837c2995f437fe71389265673278,16-backward-v1-s2/stats.json,16-backward-v1-s2/map.png,16-backward-v1-s2/preview.png,16-backward-v1-s2/detail.png,16-backward-v1-s2/solution-detail.png,16-backward-v1-s2/recipe.json,16-backward-v1-s2/level.board.gz,16-backward-v1-s2/level.solution.gz,16-backward-v1-s2/solution-map.png,16-backward-v1-s2/construction.code.json,coil-construction-v1
16-backward-v1-s3,backward-growth-v1,uniform-legal-cell-v1,16,3,5b73fc633f69a951e3977dc73ebcd0ff7ffae55ec8fde81fd5c74071bd610cf345dc436435adf28de9eb5fa2d8741390e80c289a3ae490ad6483b8ed01511da1,22,0.0859375,81,trapped,5,9,13,0,864e7b2008b3d2f69a86b6018ad20ecd5a4f33a551eaa1b09e67ebda05581437,16-backward-v1-s3/stats.json,16-backward-v1-s3/map.png,16-backward-v1-s3/preview.png,16-backward-v1-s3/detail.png,16-backward-v1-s3/solution-detail.png,16-backward-v1-s3/recipe.json,16-backward-v1-s3/level.board.gz,16-backward-v1-s3/level.solution.gz,16-backward-v1-s3/solution-map.png,16-backward-v1-s3/construction.code.json,coil-construction-v1
32-backward-v1-s1,backward-growth-v1,uniform-legal-cell-v1,32,1,4af5e1f19a698133297f737c3be3859e020ea296b8c8e6c27156881762469ae14b8b53ce3fc09127383c9833cdcaf0f6b6866d6c71e8ec4775210016653231ea,12,0.01171875,681,trapped,5,3,6,0,b6d3d263387b1fbffb5ae3c1b3ba4a918bf8f8b22ab0145dbc3ed72bfd850ce8,32-backward-v1-s1/stats.json,32-backward-v1-s1/map.png,32-backward-v1-s1/preview.png,32-backward-v1-s1/detail.png,32-backward-v1-s1/solution-detail.png,32-backward-v1-s1/recipe.json,32-backward-v1-s1/level.board.gz,32-backward-v1-s1/level.solution.gz,32-backward-v1-s1/solution-map.png,32-backward-v1-s1/construction.code.json,coil-construction-v1
32-backward-v1-s2,backward-growth-v1,uniform-legal-cell-v1,32,2,959f02a0932355b06451a89b9d71b937de8308b25cfd2d258c1fab5f4bde2765cb3652813385a96e469287887807aa25f16454291c7ede1f3318d3640228018a,12,0.01171875,372,trapped,3,4,6,0,2b24f2e5c83cd80634fe33a144c6480671bd05961a1d9fe2fcb5f79f173bc373,32-backward-v1-s2/stats.json,32-backward-v1-s2/map.png,32-backward-v1-s2/preview.png,32-backward-v1-s2/detail.png,32-backward-v1-s2/solution-detail.png,32-backward-v1-s2/recipe.json,32-backward-v1-s2/level.board.gz,32-backward-v1-s2/level.solution.gz,32-backward-v1-s2/solution-map.png,32-backward-v1-s2/construction.code.json,coil-construction-v1
32-backward-v1-s3,backward-growth-v1,uniform-legal-cell-v1,32,3,5b73fc633f69a951e3977dc73ebcd0ff7ffae55ec8fde81fd5c74071bd610cf345dc436435adf28de9eb5fa2d8741390e80c289a3ae490ad6483b8ed01511da1,44,0.04296875,593,trapped,10,10,28,0,f2b8c10f6aa23ca495bd32a88b4d8f243a9fb47cc7b41aa5fc722181c6f4b5eb,32-backward-v1-s3/stats.json,32-backward-v1-s3/map.png,32-backward-v1-s3/preview.png,32-backward-v1-s3/detail.png,32-backward-v1-s3/solution-detail.png,32-backward-v1-s3/recipe.json,32-backward-v1-s3/level.board.gz,32-backward-v1-s3/level.solution.gz,32-backward-v1-s3/solution-map.png,32-backward-v1-s3/construction.code.json,coil-construction-v1
64-backward-v1-s1,backward-growth-v1,uniform-legal-cell-v1,64,1,4af5e1f19a698133297f737c3be3859e020ea296b8c8e6c27156881762469ae14b8b53ce3fc09127383c9833cdcaf0f6b6866d6c71e8ec4775210016653231ea,12,0.0029296875,2729,trapped,5,3,6,0,cd64a80d8b7793ad2bb97e98afd0995b82a9098fdfceffe76fb5973a7eff5b2f,64-backward-v1-s1/stats.json,64-backward-v1-s1/map.png,64-backward-v1-s1/preview.png,64-backward-v1-s1/detail.png,64-backward-v1-s1/solution-detail.png,64-backward-v1-s1/recipe.json,64-backward-v1-s1/level.board.gz,64-backward-v1-s1/level.solution.gz,64-backward-v1-s1/solution-map.png,64-backward-v1-s1/construction.code.json,coil-construction-v1
64-backward-v1-s2,backward-growth-v1,uniform-legal-cell-v1,64,2,959f02a0932355b06451a89b9d71b937de8308b25cfd2d258c1fab5f4bde2765cb3652813385a96e469287887807aa25f16454291c7ede1f3318d3640228018a,12,0.0029296875,2420,trapped,3,4,6,0,80b45f8bad2c6a27ae9b5fafd6fb98087e701a962a7c5b12b21a170cd9cd334a,64-backward-v1-s2/stats.json,64-backward-v1-s2/map.png,64-backward-v1-s2/preview.png,64-backward-v1-s2/detail.png,64-backward-v1-s2/solution-detail.png,64-backward-v1-s2/recipe.json,64-backward-v1-s2/level.board.gz,64-backward-v1-s2/level.solution.gz,64-backward-v1-s2/solution-map.png,64-backward-v1-s2/construction.code.json,coil-construction-v1
64-backward-v1-s3,backward-growth-v1,uniform-legal-cell-v1,64,3,5b73fc633f69a951e3977dc73ebcd0ff7ffae55ec8fde81fd5c74071bd610cf345dc436435adf28de9eb5fa2d8741390e80c289a3ae490ad6483b8ed01511da1,44,0.0107421875,1617,trapped,10,10,28,0,104d9ab16d4b67ac9a050602183fb8ff4cb2475ca886c24f97b1c45b21e5a56a,64-backward-v1-s3/stats.json,64-backward-v1-s3/map.png,64-backward-v1-s3/preview.png,64-backward-v1-s3/detail.png,64-backward-v1-s3/solution-detail.png,64-backward-v1-s3/recipe.json,64-backward-v1-s3/level.board.gz,64-backward-v1-s3/level.solution.gz,64-backward-v1-s3/solution-map.png,64-backward-v1-s3/construction.code.json,coil-construction-v1
128-backward-v1-s1,backward-growth-v1,uniform-legal-cell-v1,128,1,4af5e1f19a698133297f737c3be3859e020ea296b8c8e6c27156881762469ae14b8b53ce3fc09127383c9833cdcaf0f6b6866d6c71e8ec4775210016653231ea,12,0.000732421875,10921,trapped,5,3,6,0,8590f4c9a25f2df47b43d28f52db9ea8f638db0f3633618a4262e8c3c0693c8f,128-backward-v1-s1/stats.json,128-backward-v1-s1/map.png,128-backward-v1-s1/preview.png,128-backward-v1-s1/detail.png,128-backward-v1-s1/solution-detail.png,128-backward-v1-s1/recipe.json,128-backward-v1-s1/level.board.gz,128-backward-v1-s1/level.solution.gz,128-backward-v1-s1/solution-map.png,128-backward-v1-s1/construction.code.json,coil-construction-v1
128-backward-v1-s2,backward-growth-v1,uniform-legal-cell-v1,128,2,959f02a0932355b06451a89b9d71b937de8308b25cfd2d258c1fab5f4bde2765cb3652813385a96e469287887807aa25f16454291c7ede1f3318d3640228018a,12,0.000732421875,10612,trapped,3,4,6,0,ef611740fbacf59d1dd46ad92f16e0ea944a211fb19106a2f2101beba6801454,128-backward-v1-s2/stats.json,128-backward-v1-s2/map.png,128-backward-v1-s2/preview.png,128-backward-v1-s2/detail.png,128-backward-v1-s2/solution-detail.png,128-backward-v1-s2/recipe.json,128-backward-v1-s2/level.board.gz,128-backward-v1-s2/level.solution.gz,128-backward-v1-s2/solution-map.png,128-backward-v1-s2/construction.code.json,coil-construction-v1
128-backward-v1-s3,backward-growth-v1,uniform-legal-cell-v1,128,3,5b73fc633f69a951e3977dc73ebcd0ff7ffae55ec8fde81fd5c74071bd610cf345dc436435adf28de9eb5fa2d8741390e80c289a3ae490ad6483b8ed01511da1,44,0.002685546875,1617,trapped,10,10,28,0,dce1bcba194e2b296986cfacb8242cf6845d58dde20f91941c874513e12c0a28,128-backward-v1-s3/stats.json,128-backward-v1-s3/map.png,128-backward-v1-s3/preview.png,128-backward-v1-s3/detail.png,128-backward-v1-s3/solution-detail.png,128-backward-v1-s3/recipe.json,128-backward-v1-s3/level.board.gz,128-backward-v1-s3/level.solution.gz,128-backward-v1-s3/solution-map.png,128-backward-v1-s3/construction.code.json,coil-construction-v1
256-backward-v1-s1,backward-growth-v1,uniform-legal-cell-v1,256,1,4af5e1f19a698133297f737c3be3859e020ea296b8c8e6c27156881762469ae14b8b53ce3fc09127383c9833cdcaf0f6b6866d6c71e8ec4775210016653231ea,12,0.00018310546875,43689,trapped,5,3,6,0,8227af09cf68314f463f2c418a1478f710710310b220956ac48257647818db36,256-backward-v1-s1/stats.json,256-backward-v1-s1/map.png,256-backward-v1-s1/preview.png,256-backward-v1-s1/detail.png,256-backward-v1-s1/solution-detail.png,256-backward-v1-s1/recipe.json,256-backward-v1-s1/level.board.gz,256-backward-v1-s1/level.solution.gz,256-backward-v1-s1/solution-map.png,256-backward-v1-s1/construction.code.json,coil-construction-v1
256-backward-v1-s2,backward-growth-v1,uniform-legal-cell-v1,256,2,959f02a0932355b06451a89b9d71b937de8308b25cfd2d258c1fab5f4bde2765cb3652813385a96e469287887807aa25f16454291c7ede1f3318d3640228018a,16,0.000244140625,43380,trapped,6,6,8,0,454d518176944c489aac9a09ab6751e1cc6060f9ce8efa0679a305b8d0d358cf,256-backward-v1-s2/stats.json,256-backward-v1-s2/map.png,256-backward-v1-s2/preview.png,256-backward-v1-s2/detail.png,256-backward-v1-s2/solution-detail.png,256-backward-v1-s2/recipe.json,256-backward-v1-s2/level.board.gz,256-backward-v1-s2/level.solution.gz,256-backward-v1-s2/solution-map.png,256-backward-v1-s2/construction.code.json,coil-construction-v1
256-backward-v1-s3,backward-growth-v1,uniform-legal-cell-v1,256,3,5b73fc633f69a951e3977dc73ebcd0ff7ffae55ec8fde81fd5c74071bd610cf345dc436435adf28de9eb5fa2d8741390e80c289a3ae490ad6483b8ed01511da1,53,0.0008087158203125,1617,trapped,13,10,30,0,17dd27aa784b0153b3d851ebd6aaa4bfd65c3056d6f53c55a1046a812b6c422f,256-backward-v1-s3/stats.json,256-backward-v1-s3/map.png,256-backward-v1-s3/preview.png,256-backward-v1-s3/detail.png,256-backward-v1-s3/solution-detail.png,256-backward-v1-s3/recipe.json,256-backward-v1-s3/level.board.gz,256-backward-v1-s3/level.solution.gz,256-backward-v1-s3/solution-map.png,256-backward-v1-s3/construction.code.json,coil-construction-v1
512-backward-v1-s1,backward-growth-v1,uniform-legal-cell-v1,512,1,4af5e1f19a698133297f737c3be3859e020ea296b8c8e6c27156881762469ae14b8b53ce3fc09127383c9833cdcaf0f6b6866d6c71e8ec4775210016653231ea,12,4.57763671875e-05,240297,trapped,5,3,6,0,031cd0a03bfaceff585c6ceacdc45f32331ba4ae8d58f25f486d0235878c3125,512-backward-v1-s1/stats.json,512-backward-v1-s1/map.png,512-backward-v1-s1/preview.png,512-backward-v1-s1/detail.png,512-backward-v1-s1/solution-detail.png,512-backward-v1-s1/recipe.json,512-backward-v1-s1/level.board.gz,512-backward-v1-s1/level.solution.gz,512-backward-v1-s1/solution-map.png,512-backward-v1-s1/construction.code.json,coil-construction-v1
512-backward-v1-s2,backward-growth-v1,uniform-legal-cell-v1,512,2,959f02a0932355b06451a89b9d71b937de8308b25cfd2d258c1fab5f4bde2765cb3652813385a96e469287887807aa25f16454291c7ede1f3318d3640228018a,16,6.103515625e-05,43380,trapped,6,6,8,0,18b390371126b0b2450fe29e13c279817599eece77f5c659dbe30adc07b4e5d0,512-backward-v1-s2/stats.json,512-backward-v1-s2/map.png,512-backward-v1-s2/preview.png,512-backward-v1-s2/detail.png,512-backward-v1-s2/solution-detail.png,512-backward-v1-s2/recipe.json,512-backward-v1-s2/level.board.gz,512-backward-v1-s2/level.solution.gz,512-backward-v1-s2/solution-map.png,512-backward-v1-s2/construction.code.json,coil-construction-v1
512-backward-v1-s3,backward-growth-v1,uniform-legal-cell-v1,512,3,5b73fc633f69a951e3977dc73ebcd0ff7ffae55ec8fde81fd5c74071bd610cf345dc436435adf28de9eb5fa2d8741390e80c289a3ae490ad6483b8ed01511da1,53,0.000202178955078125,198225,trapped,13,10,30,0,c786a3a87175b48ff07ec2513339cf7b51c184561046398e659ff0f8551a022b,512-backward-v1-s3/stats.json,512-backward-v1-s3/map.png,512-backward-v1-s3/preview.png,512-backward-v1-s3/detail.png,512-backward-v1-s3/solution-detail.png,512-backward-v1-s3/recipe.json,512-backward-v1-s3/level.board.gz,512-backward-v1-s3/level.solution.gz,512-backward-v1-s3/solution-map.png,512-backward-v1-s3/construction.code.json,coil-construction-v1
1000-backward-v1-s1,backward-growth-v1,uniform-legal-cell-v1,1000,1,4af5e1f19a698133297f737c3be3859e020ea296b8c8e6c27156881762469ae14b8b53ce3fc09127383c9833cdcaf0f6b6866d6c71e8ec4775210016653231ea,12,1.2e-05,455529,trapped,5,3,6,0,a0d78d53030122b1fa108c08f18e6515868f6b84699c11b5d18b84527940b85b,1000-backward-v1-s1/stats.json,1000-backward-v1-s1/map.png,1000-backward-v1-s1/preview.png,1000-backward-v1-s1/detail.png,1000-backward-v1-s1/solution-detail.png,1000-backward-v1-s1/recipe.json,1000-backward-v1-s1/level.board.gz,1000-backward-v1-s1/level.solution.gz,1000-backward-v1-s1/solution-map.png,1000-backward-v1-s1/construction.code.json,coil-construction-v1
1000-backward-v1-s2,backward-growth-v1,uniform-legal-cell-v1,1000,2,959f02a0932355b06451a89b9d71b937de8308b25cfd2d258c1fab5f4bde2765cb3652813385a96e469287887807aa25f16454291c7ede1f3318d3640228018a,16,1.6e-05,580084,trapped,6,6,8,0,a390afae1d98a3b78248ab10e1bc718058b88bc80bb2c1ea319b7a088b902ca7,1000-backward-v1-s2/stats.json,1000-backward-v1-s2/map.png,1000-backward-v1-s2/preview.png,1000-backward-v1-s2/detail.png,1000-backward-v1-s2/solution-detail.png,1000-backward-v1-s2/recipe.json,1000-backward-v1-s2/level.board.gz,1000-backward-v1-s2/level.solution.gz,1000-backward-v1-s2/solution-map.png,1000-backward-v1-s2/construction.code.json,coil-construction-v1
1000-backward-v1-s3,backward-growth-v1,uniform-legal-cell-v1,1000,3,5b73fc633f69a951e3977dc73ebcd0ff7ffae55ec8fde81fd5c74071bd610cf345dc436435adf28de9eb5fa2d8741390e80c289a3ae490ad6483b8ed01511da1,53,5.3e-05,766481,trapped,13,10,30,0,552c54cdb5c993e8dff9e0fd469b1405d1fe4295b4a4e64ec96a3af46307e267,1000-backward-v1-s3/stats.json,1000-backward-v1-s3/map.png,1000-backward-v1-s3/preview.png,1000-backward-v1-s3/detail.png,1000-backward-v1-s3/solution-detail.png,1000-backward-v1-s3/recipe.json,1000-backward-v1-s3/level.board.gz,1000-backward-v1-s3/level.solution.gz,1000-backward-v1-s3/solution-map.png,1000-backward-v1-s3/construction.code.json,coil-construction-v1
